{"cameraMode":{"drawMode":0,"name":"Shaded","section":"Shading Mode"},"sceneLighting":false,"audioPlay":false,"sceneViewState":{"showFog":true,"showMaterialUpdate":false,"showSkybox":false,"showFlares":true,"showImageEffects":true,"showParticleSystems":true},"in2DMode":false,"pivot":{"x":2.5999999046325685,"y":7.170137882232666,"z":-96.71360778808594},"rotation":{"x":0.20876358449459077,"y":-0.7896611094474793,"z":0.3785182535648346,"w":0.4354545474052429},"size":6.848971366882324,"orthographic":false}