{"cameraMode":{"drawMode":0,"name":"Shaded","section":"Shading Mode"},"sceneLighting":false,"audioPlay":false,"sceneViewState":{"showFog":true,"showMaterialUpdate":false,"showSkybox":false,"showFlares":true,"showImageEffects":true,"showParticleSystems":true},"in2DMode":false,"pivot":{"x":-0.3988115191459656,"y":0.1065819263458252,"z":0.031534790992736819},"rotation":{"x":-0.05690590664744377,"y":0.04701657593250275,"z":-0.002692724112421274,"w":-0.9972803592681885},"size":0.7862299680709839,"orthographic":false}