{"cameraMode":{"drawMode":0,"name":"Shaded","section":"Shading Mode"},"sceneLighting":false,"audioPlay":false,"sceneViewState":{"showFog":true,"showMaterialUpdate":false,"showSkybox":false,"showFlares":true,"showImageEffects":true,"showParticleSystems":true},"in2DMode":false,"pivot":{"x":2.621814250946045,"y":4.400572776794434,"z":3.3233542442321779},"rotation":{"x":0.35272523760795596,"y":-0.5585755109786987,"z":0.2833646833896637,"w":0.6952162981033325},"size":5.120334625244141,"orthographic":false}