{"cameraMode":{"drawMode":0,"name":"Shaded","section":"Shading Mode"},"sceneLighting":false,"audioPlay":false,"sceneViewState":{"showFog":true,"showMaterialUpdate":false,"showSkybox":false,"showFlares":true,"showImageEffects":true,"showParticleSystems":true},"in2DMode":false,"pivot":{"x":-13.609999656677246,"y":26.971050262451173,"z":0.0},"rotation":{"x":-0.1353784203529358,"y":0.1003110483288765,"z":-0.013781857676804066,"w":-0.985623836517334},"size":3.3550970554351808,"orthographic":false}